<?xml version="1.0" encoding="UTF-8"?>
<extension type="module" version="1.6" client="site" method="upgrade">
	<name>Procesos de Compra</name>
	<author>Edward Ceballos Camacho</author>
	<creationDate>Jan 2023</creationDate>
	<copyright>Copyright (C) 2023 Edward Ceballos Camacho</copyright>
	<license>GNU General Public License version 2 or later</license>
	<authorEmail>edwardc08@hotmail.com</authorEmail>
	<authorURL>https://edwardceballos.com</authorURL>
	<version>1.0</version>
	<description>Módulo de procesos de compra.</description>
	
	<files>
		<filename>mod_processes.xml</filename>
		<filename module="mod_processes">mod_processes.php</filename>
		<filename>index.html</filename>
		<folder>tmpl</folder>
	</files>
	
	<config>
		<fields name="params">
			<fieldset name="basic">

				<field name="codigo_uc" type="text" default="000007" label="Código UC" description="Este campo es obligatorio para que los procesos de compra puedan listarse." class="required"/>

				<field name="color_bg" type="color" default="#e1f1ff" label="Color para decoración" description="Este campo es opcional y acepta un color en hexadecimal" />

				<field name="color_text" type="color" default="#1761c3" label="Color para titulos" description="Este campo es opcional y acepta un color en hexadecimal" />

				<field name="color_text2" type="color" default="#1761c3" label="Color para titulos" description="Este campo es opcional y acepta un color en hexadecimal" />

				<field name="color_buttom" type="color" default="#1761c4" label="Color para botón" description="Este campo es opcional y acepta un color en hexadecimal" />

				<field name="font" type="radio" default="0" label="¿Incluir FontAwesome?" description="Activar o desactivar la inclusión de la fuente de iconos">
					<option value="1">Si</option>
					<option value="0">No</option>
				</field>

				<field name="css" type="radio" default="0" label="¿Incluir Bootstrap?" description="Activar o desactivar la inclusión de los archivos de Bootstrap">
					<option value="1">Si</option>
					<option value="0">No</option>
				</field>
			</fieldset>
		</fields>
	</config>
</extension>